id,timestamp,title,author,year,type,link,database,category,cover_image,üîê Softr Record ID
4964e687-074a-4890-b632-bc566999aad8,24/08/2025 02:37:52,Avalia√ß√£o da Percep√ß√£o do Idoso sobre a Usabilidade dos Sistemas de Abertura de Embalagens Aliment√≠cias,"Valter Oliveira Nascimento Nascimento, Itamar Ferreira da Silva, Ellen Vit√≥ria Diniz da Silva",N/A,Artigo,https://www.ufrgs.br/det/index.php/det/article/view/821,,,,
91deee9c-b394-466a-9338-f9accd4e5993,24/08/2025 02:37:52,A Usabilidade de avatares de libras em sites: an√°lise da intera√ß√£o de usu√°rios surdos por meio do rastreador ocular Eye Tracking,"La√≠se Miolo Moraes, Francine Medeiros Vieira, Berenice Santos Gon√ßalves, Gilson Braviano, Gisele Schmidt Alves Diaz Merino",N/A,Artigo,https://www.ufrgs.br/det/index.php/det/article/view/495,,,,
4fad4077-af7c-40e3-b7af-1cd95f22f1c2,24/08/2025 02:37:52,Um modelo de cores na usabilidade das interfaces computacionais para os deficientes de baixa vis√£o,"C√≠nthia Costa Kulpa, F√°bio Gon√ßalves Teixeira, R√©gio Pierre da Silva",N/A,Artigo,https://www.ufrgs.br/det/index.php/det/article/view/8,,,,
9b23e388-e6c9-45b6-ad7a-c59731c8ef4a,24/08/2025 02:37:52,"Design e Tecnologia no Contexto Hospitalardesenvolvimento de uma cadeira m√≥vel para banho e higieniza√ß√£o, com √™nfase nas atividades do profissional da sa√∫de","Diogo Pontes Costa, Eugenio Merino, Irandir Paulo, Ces√°r Giracca, Giselle Merino",N/A,Artigo,https://www.ufrgs.br/det/index.php/det/article/view/879,,,,
e5931c5b-a774-4eeb-8e47-cdce89bc1168,24/08/2025 02:37:52,Proposta de avalia√ß√£o de usabilidade de suti√£s especiais para mulheres mastectomizadas,"Giovana Costa Simpl√≠cio, Iara Sousa Castro",N/A,Artigo,https://www.ufrgs.br/det/index.php/det/article/view/935,,,,
407362e3-33e3-415c-adad-82f229b54063,24/08/2025 02:37:52,"Heur√≠stica para avalia√ß√£o de usabilidade em interfaces de aplicativos smartphones: utilidade, produtividade e imers√£o","Val√©ria Casaroto Feij√≥, Berenice Santos Gon√ßalves, Luiz Salom√£o Ribas Gomez",N/A,Artigo,https://www.ufrgs.br/det/index.php/det/article/view/141,,,,
b443224c-0191-42db-b92d-f06038d069b7,24/08/2025 02:37:52,Avalia√ß√£o da usabilidade do Audacity na edi√ß√£o de √°udio por n√£o especialistas,"Bruno Santana da Silva, Fernando Marques Figueira Filho",N/A,Artigo,https://www.ufrgs.br/det/index.php/det/article/view/1053,,,,
827590a3-bf3d-4789-8249-1afea061c29e,24/08/2025 02:37:52,Usabilidade de arm√°rios modulados em apartamentos reduzidos,"Marina Pezzini, Vera Helena Moro Bins Ely",N/A,Artigo,https://www.ufrgs.br/det/index.php/det/article/view/3,,,,
923035d5-af1b-4402-9d0b-83147ddeb4df,24/08/2025 02:37:52,Design de uma interface de intera√ß√£o tridimensional com foco na usabilidade e no desempenho gr√°fico,"S√©rgio Leandro dos Santos, F√°bio Gon√ßalves Teixeira",N/A,Artigo,https://www.ufrgs.br/det/index.php/det/article/view/5,,,,
c3a3e672-ac9d-4074-8f79-e277d02ccb94,24/08/2025 02:37:52,Design & Engenharia de Usabilidade: aplica√ß√£o pratica na cria√ß√£o de um aplicativo,"Cayley Guimar√£es, Leandro Augusto Ferras dos Santos, Isabela Mantovani Fontana",N/A,Artigo,https://www.ufrgs.br/det/index.php/det/article/view/420,,,,
27df1d1e-b708-40d3-8b68-3a12b7987121,24/08/2025 02:37:52,Design e Mobilidade Urbana: a experi√™ncia do usu√°rio em interfaces de aplicativos baseado em localiza√ß√£o para transporte p√∫blicothe user experience in a location-based application interface for public transport,"Joao Pedro Morais Guedes, Jos√© Guilherme da Silva Santa Rosa, Gustavo Andr√© Falc√£o Peixoto",N/A,Artigo,https://www.ufrgs.br/det/index.php/det/article/view/1098,,,,
25fb8225-89bb-42db-a9f8-427b99b2b5cc,24/08/2025 02:37:52,Reforma na palm a da m√£o: uma proposta de aplicativo web para assist√™ncia t√©cnica em habita√ß√£o de interesse social,"Simone Barbosa Villa, Karen Carrer Ruman de Bortoli, Lamonise Vasconcelos Oliveira",N/A,Artigo,https://www.ufrgs.br/det/index.php/det/article/view/1124,,,,
99d042ba-4fb8-47b3-8026-fe684f5f4c43,24/08/2025 02:37:52,Design e Tecnologia: Contribui√ß√µes do uso do Sistema de Captura de Movimentos por sensores inerciais (Xsens) no processo de desenvolvimento de  projetos Centrado no ser Humano,"Irandir Izaquiel Paulo, Eugenio Andr√©s D√≠az Merino",N/A,Artigo,https://www.ufrgs.br/det/index.php/det/article/view/926,,,,
08997c15-e698-432a-96de-8ade3501af0e,24/08/2025 02:37:52,A T√©cnica Delphi e An√°lise de Conte√∫do como Estrat√©gias de Obten√ß√£o do Consenso em din√¢micas de design participativo,"Marli Everling, Claudia Renata Mont'Alv√£o",N/A,Artigo,https://www.ufrgs.br/det/index.php/det/article/view/539,,,,
9dbb70fd-8634-4cbe-b605-e4e2d74b4a8d,24/08/2025 02:37:52,Uma  abordagem sobre a hedonomia e o usu√°rio,"Iara Margolis Ribeiro, Bernardo Provid√™ncia, Walter  Franklin Marques Correia",N/A,Artigo,https://www.ufrgs.br/det/index.php/det/article/view/913,,,,
e0089ed5-7ce3-4183-874e-d32385f1513a,24/08/2025 02:37:52,WaveTactile: Est√≠mulo sensorial t√°til na intera√ß√£o de usu√°rios cegos na interface do forno micro-ondasTactile sensory stimulation in the interaction of blind users in microwaves,"Tain√° Apoena Bueno de Oliveira, Milton Cinelli, Milton Luiz Horn Vieira, Gabriel de Souza Prim",N/A,Artigo,https://www.ufrgs.br/det/index.php/det/article/view/1019,,,,
d7c9a8e4-f144-4ad3-bc44-5d535b232680,24/08/2025 02:37:52,Utiliza√ß√£o do displacement map na cria√ß√£o de recursos auxiliares √† educa√ß√£o inclusiva para Pessoas com Defici√™ncia Visual,"H√©rcules Manoel Monteiro Silva, Lucas Jos√© Garcia",N/A,Artigo,https://www.ufrgs.br/det/index.php/det/article/view/1006,,,,
f240bb2d-0ea4-4604-bd41-5068d809cf27,24/08/2025 02:37:52,Design de jogo de tabuleiro para aux√≠lio na Reabilita√ß√£o Cognitiva de idosos com Doen√ßa de Alzheimer: uma aplica√ß√£o do Duplo Diamantea design contribution,"B√°rbara Drews Wayhs, Luis Carlos  Paschoarelli",N/A,Artigo,https://www.ufrgs.br/det/index.php/det/article/view/1011,,,,
623bf4a4-7323-4b0d-9481-a7312faff49c,24/08/2025 02:37:52,Experi√™ncia do usu√°rio e design de intera√ß√£o:uma an√°lise bibliom√©trica de publica√ß√µes acad√™micas,"Vanessa Marques Paes, Claudia Polimeno, Cora Soares Souza , Jessica Priscila de Sousa Costa, Renata  Maciel de Andrade, Ricardo Gaspar",N/A,Artigo,https://www.infodesign.org.br/infodesign/article/view/906,InfoDesign,intelig√™ncia artificial,,
0998ecb5-ae23-479f-a9f8-54b021d2c218,24/08/2025 02:37:52,Design de not√≠cias no curso de Jornalismo: uma experi√™ncia de ensino a partir do design da informa√ß√£o | News design in Journalism undergraduate course: a teaching experience through the information design,"Elane Abreu de Oliveira, Juliana Lotif Ara√∫jo",N/A,Artigo,https://www.infodesign.org.br/infodesign/article/view/606,InfoDesign,design thinking,,
e7605aba-7ba7-4477-91a3-f0003983dac5,24/08/2025 02:37:52,√â poss√≠vel aperfei√ßoar nosso pensamento visual? Uma experi√™ncia did√°tica em gradua√ß√£o de Design | Is it possible to improve our visual thinking? A didactic experience in Graphic Design undergraduate degree,Juliana Bueno,N/A,Artigo,https://www.infodesign.org.br/infodesign/article/view/842,InfoDesign,design thinking,,
ac8dac5c-feae-4e83-80e6-321326a93329,24/08/2025 02:37:52,Inova√ß√£o com dadosa experi√™ncia do usu√°rio com sistemas baseados em intelig√™ncia artificial,"Cinthia Ruiz, Manuela Quaresma",N/A,Artigo,https://www.revistas.udesc.br/index.php/hfd/article/view/18511,Human Factors in Design,intelig√™ncia artificial,,
9362ab02-2fea-4039-9d47-2bc255ee0ae4,24/08/2025 02:37:52,Avalia√ß√£o de experi√™ncia de uma carteira digital usando um m√©todo baseado em Autoconceito,"Walter Correia, Alex Sandro Gomes, Fabio Campos, Fabio Silva",N/A,Artigo,https://www.revistas.udesc.br/index.php/hfd/article/view/23308,Human Factors in Design,design thinking,,
f3371b95-6ebc-454a-a834-cc43d79fe135,24/08/2025 02:37:52,"Design e sociedade: uma reflex√£o sobre acessibilidade, intera√ß√£o e inclus√£o","Willian Amphil√≥quio, Jo√£o Eduardo Chagas Sobral",N/A,Artigo,https://www.revistas.udesc.br/index.php/hfd/article/view/2316796307132018165,Human Factors in Design,design thinking,,
72144647-7343-4505-9dc0-ed11204b4736,24/08/2025 02:37:52,Solu√ß√£o de Desafios por meio de um Modelo Baseado no Design Thinking e na Investiga√ß√£o Apreciativa,"Gl√°ucia de Salles Ferro, Adriano Heemann",N/A,Artigo,https://www.revistas.udesc.br/index.php/hfd/article/view/2316796308162019025,Human Factors in Design,design thinking,,
27ddf3b6-c8f8-4269-99fd-348865ceb529,24/08/2025 02:37:52,"Ciclo de vida do produto ‚ÄúDesign Thinking‚Äù Uma an√°lise da difus√£o do conceito do ‚ÄúDesign Thinking‚Äù, sob a √≥tica do ciclo de vida de um produto.","Naotake Fukushima, Aguinaldo dos Santos",N/A,Artigo,https://www.e-publicacoes.uerj.br/arcosdesign/article/view/14099,Arcos Design,design thinking,,
14311c0a-adb4-4052-9fdb-5ebfea75df20,24/08/2025 02:37:52,Design e √©tica em IA: reflex√µes a partir do impacto social do Lensa enquanto produto digital baseado em Intelig√™ncia Artificial,Carolina Vaitiekunas Pizarro,N/A,Artigo,https://www.ufrgs.br/det/index.php/det/article/view/1131,Design e Tecnologia,intelig√™ncia artificial,,
301956fe-2eb9-498d-bc53-8547811db501,24/08/2025 02:37:52,Design Thinking e Marketing Digital como aliados estrat√©gicos  de microempreendedoresFerramenta gerencial de autoavalia√ß√£o  do n√≠vel de desenvolvimento de neg√≥cios no mercado online,"Marina Orestes Blum, √Çngela  de Moura Ferreira Danilevicz",N/A,Artigo,https://www.ufrgs.br/det/index.php/det/article/view/888,Design e Tecnologia,design thinking,,
31895578-a0a0-46ff-9f65-da93ec81c53c,24/08/2025 02:37:52,UX e Design Inova√ß√£o: evolu√ß√µes metodol√≥gicas no processo de constru√ß√£o de apps,"Let√≠cia Vasconcelos Morais Garcez, Isabela  Sousa Guimar√£es",N/A,Artigo,https://www.ufrgs.br/det/index.php/det/article/view/924,Design e Tecnologia,design thinking,,
32702a57-0560-494b-a07a-06490efbe448,24/08/2025 02:37:52,Design Thinking na compreens√£o de Servi√ßos de Gradua√ß√£o a Dist√¢ncia,Bruno Bertagnolli,N/A,Artigo,https://www.ufrgs.br/det/index.php/det/article/view/1020,Design e Tecnologia,design thinking,,
6198671e-ec12-47b7-bc88-696faf33299e,24/08/2025 02:37:52,Considera√ß√µes sobre a dimens√£o est√©tica semi√≥tica da desinforma√ß√£o no √¢mbito da p√≥s-verdade e no desenvolvimento da intelig√™ncia artificial,"Leonardo Ripoll, Vinicius Romanini",N/A,Artigo,https://periodicos.ufjf.br/index.php/triades/article/view/45071,Tr√≠ades em Revista,intelig√™ncia artificial,,
ad8917a7-ab83-47e2-adda-2920923bc146,24/08/2025 02:37:52,UX DESIGN E MAPA DA JORNADA DO USU√ÅRIO COMO ABORDAGEM PARA O DESENVOLVIMENTO DE POLTRONA ERGON√îMICA PARA IDOSOS / UX DESIGN AND USER JOURNEY MAPPING AS AN APPROACH FOR THE DEVELOPMENT OF AN ERGONOMIC CHAIR FOR THE ELDERLY,Autor desconhecido,N/A,Artigo,https://www.educacaografica.inf.br/artigos/ux-design-e-mapa-da-jornada-do-usuario-como-abordagem-para-o-desenvolvimento-de-poltrona-ergonomica-para-idosos-ux-design-and-user-journey-mapping-as-an-approach-for-the-development-of-an-ergonomic,Educa√ß√£o Gr√°fica,ux,,
eebb38a7-ed56-4c2b-b5ba-164b19ba5bcb,24/08/2025 02:37:52,DESENVOLVIMENTO DE FLUXOGRAMAS T√ÅTEIS A PARTIR DE DIAGRAMAS DE AN√ÅLISE DE PROJETO ARQUITET√îNICO: RELATO DE UMA EXPERI√äNCIA EM AULAS PR√ÅTICAS / DEVELOPMENT OF TACTILE FLOWCHARTS FROM ARCHITECTURAL PROJECT ANALYSIS DIAGRAMS: REPORT OF AN EXPERIENCE IN PRACTICAL CLASSES,Autor desconhecido,N/A,Artigo,https://www.educacaografica.inf.br/artigos/desenvolvimento-de-fluxogramas-tateis-a-partir-de-diagramas-de-analise-de-projeto-arquitetonico-relato-de-uma-experiencia-em-aulas-praticas-development-of-tactile-flowcharts-from-architectural-proj-2,Educa√ß√£o Gr√°fica,ux,,
bc7e26c2-b2aa-4bdd-ac80-bf4eb38b4d23,24/08/2025 02:37:52,DESENVOLVIMENTO DE FLUXOGRAMAS T√ÅTEIS A PARTIR DE DIAGRAMAS DE AN√ÅLISE DE PROJETO ARQUITET√îNICO: RELATO DE UMA EXPERI√äNCIA EM AULAS PR√ÅTICAS / DEVELOPMENT OF TACTILE FLOWCHARTS FROM ARCHITECTURAL PROJECT ANALYSIS DIAGRAMS: REPORT OF AN EXPERIENCE IN PRACTICAL CLASSES,Autor desconhecido,N/A,Artigo,https://www.educacaografica.inf.br/artigos/desenvolvimento-de-fluxogramas-tateis-a-partir-de-diagramas-de-analise-de-projeto-arquitetonico-relato-de-uma-experiencia-em-aulas-praticas-development-of-tactile-flowcharts-from-architectural-proj,Educa√ß√£o Gr√°fica,ux,,
c23411b5-891a-4eed-8104-f5e493a9074e,24/08/2025 02:37:52,N√ÉO PULE A BULA: DESENVOLVIMENTO DE INTERFACE PARA UM APLICATIVO QUE AUXILIE NA LEITURA DAS BULAS DE MEDICAMENTOS / DON‚ÄôT SKIP THE MEDICINE INSERT: AN INTERFACE DEVELOPMENT FOR AN APPLICATION THAT HELPS READING OF MEDICINE INSERT,Autor desconhecido,N/A,Artigo,https://www.educacaografica.inf.br/artigos/nao-pule-a-bula-desenvolvimento-de-interface-para-um-aplicativo-que-auxilie-na-leitura-das-bulas-de-medicamentos-dont-skip-the-medicine-insert-an-interface-development-for-an-application-that-he-2,Educa√ß√£o Gr√°fica,ux,,
b03f214d-2c4c-4229-9f66-ab520509537e,24/08/2025 02:37:52,DEMONSTRA√á√ÉO DIGITAL DE HABILIDADES MOTORAS FUNDAMENTAIS. O DESIGN E COMPUTA√á√ÉO GR√ÅFICA AUXILIANDO NA AVALIA√á√ÉO DO DESENVOLVIMENTO MOTOR INFANTIL. / DIGITAL DEMONSTRATION OF FUNDAMENTAL MOTOR SKILLS. DESIGN AND COMPUTER GRAPHICS ASSISTING IN THE EVALUATION OF CHILDREN‚ÄôS MOTOR DEVELOPMENT.,Autor desconhecido,N/A,Artigo,https://www.educacaografica.inf.br/artigos/demonstracao-digital-de-habilidades-motoras-fundamentais-o-design-e-computacao-grafica-auxiliando-na-avaliacao-do-desenvolvimento-motor-infantil-digital-demonstration-of-fundamental-motor-skills,Educa√ß√£o Gr√°fica,ux,,
0eaa949f-c258-486e-aa9f-f966a36172b4,24/08/2025 02:37:52,FERRAMENTA PARA AUX√çLIO √Ä AN√ÅLISE VISUAL / TOOL TO AID VISUAL ANALYSIS,Autor desconhecido,N/A,Artigo,https://www.educacaografica.inf.br/artigos/ferramenta-para-auxilio-a-analise-visual-tool-to-aid-visual-analysis,Educa√ß√£o Gr√°fica,ux,,
f4d45c8e-5c3b-4f96-b951-32c2d982ddfd,24/08/2025 02:37:52,VALORIZA√á√ÉO DO ENSINO COM AUX√çLIO DA LINGUAGEM PL√ÅSTICA DOS QUADRINHOS / VALUATION OF TEACHING WITH THE AID OF THE PLASTIC LANGUAGE OF THE COMICS,Autor desconhecido,N/A,Artigo,https://www.educacaografica.inf.br/artigos/valorizacao-do-ensino-com-auxilio-da-linguagem-plastica-dos-quadrinhos-valuation-of-teaching-with-the-aid-of-the-plastic-language-of-the-comics,Educa√ß√£o Gr√°fica,ux,,
5c2e4de6-f765-49a9-a34f-9568f4e84481,24/08/2025 02:37:52,DESIGN DE EMBALAGEM DE ALIMENTOS FRESCOS COM O AUX√çLIO DE SIMULA√á√ïES F√çSICAS EM AMBIENTE VIRTUAL / FRESH FOOD PACKAGE DESIGN AIDED BY PHYSICS 3D SIMULATIONS THROUG INTERACTIVE VIRTUAL AMBIENTS,Autor desconhecido,N/A,Artigo,https://www.educacaografica.inf.br/artigos/design-de-embalagem-de-alimentos-frescos-com-o-auxilio-de-simulacoes-fisicas-em-ambiente-virtual-fresh-food-package-design-aided-by-physics-3d-simulations-throug-interactive-virtual-ambients,Educa√ß√£o Gr√°fica,ux,,
207baf25-87cf-48de-af93-78bcd3a1cdd6,24/08/2025 02:37:52,AL√âM DO LUXO: CONTRIBUI√á√ÉO RET√ìRICA E NOVOS USOS SIMB√ìLICOS DA COR PRETA NAS EMBALAGENS / BEYOND THE LUXURY: RHETORIC CONTRIBUTION AND NEW SYMBOLIC USE OF BLACK COLOR IN PACKAGING,Autor desconhecido,N/A,Artigo,https://www.educacaografica.inf.br/artigos/alem-do-luxo-contribuicao-retorica-e-novos-usos-simbolicos-da-cor-preta-nas-embalagens-beyond-the-luxury-rhetoric-contribution-and-new-symbolic-use-of-black-color-in-packaging,Educa√ß√£o Gr√°fica,ux,,
1a456812-5817-407a-986e-c631ae9f50fc,24/08/2025 02:37:52,A REALIDADE AUMENTADA NO AUX√çLIO AO PROCESSO DE APRENDIZAGEM DE GEOMETRIA DESCRITIVA / AUGMENTED REALITY TO AID THE LEARNING PROCESS OF DESCRIPTIVE GEOMETRY,Autor desconhecido,N/A,Artigo,https://www.educacaografica.inf.br/artigos/a-realidade-aumentada-no-auxilio-ao-processo-de-prendizagem-de-geometria-descritiva-augmented-reality-to-aid-the-learning-process-of-descriptive-geometry,Educa√ß√£o Gr√°fica,ux,,
dabb4594-c4cd-47f4-b782-c0f897d2453b,24/08/2025 02:37:52,EXPERI√äNCIA DE FLUXO EM AMBIENTE DE ENSINO GAMIFICADO /¬†FLOW EXPERIENCE IN GAME-BASED LEARNING ENVIRONMENT,Autor desconhecido,N/A,Artigo,https://www.educacaografica.inf.br/artigos/experiencia-de-fluxo-em-ambiente-de-ensino-gamificado-flow-experience-in-game-based-learning-environment,Educa√ß√£o Gr√°fica,ux,,
00996547-cd13-48eb-9043-d097d3c61616,24/08/2025 02:37:52,NIVELAMENTO VISUAL APLICADO COMO FERRAMENTA PROJETUAL: AUX√çLIO NA COMUNICA√á√ÉO COM O CLIENTE /¬†THE VISUAL LEVELING APPLIED AS A PROJECT TOOL: AIDING THE COMMUNICATION WITH THE CLIENT,Autor desconhecido,N/A,Artigo,https://www.educacaografica.inf.br/artigos/nivelamento-visual-aplicado-como-ferramenta-projetual-auxilio-na-comunicacao-com-o-cliente-the-visual-leveling-applied-as-a-project-tool-aiding-the-communication-with-the-client,Educa√ß√£o Gr√°fica,ux,,
a67311d7-99d1-4a6b-9473-bddf611d9cc5,24/08/2025 02:37:52,MAPEAMENTO DE PROCESSOS NO FLUXO EDITORIAL DO LIVRO DIGITAL: UM LEVANTAMENTO INICIAL /  PROCESS MAPPING IN THE EDITORIAL WORKFLOW OF THE E-BOOK: AN INITIAL SURVEY,Autor desconhecido,N/A,Artigo,https://www.educacaografica.inf.br/artigos/mapeamento-de-processos-no-fluxo-editorial-do-livro-digital-um-levantamento-inicial-process-mapping-in-the-editorial-workflow-of-the-e-book-an-initial-survey,Educa√ß√£o Gr√°fica,ux,,
c494c49f-5673-47a5-8d24-dc54665d47b9,24/08/2025 02:37:52,AN√ÅLISE MORFOL√ìGICA DE ETIQUETAS T√âCNICAS T√äXTEIS: DEFINI√á√ÉO E PROPOSTA TAXION√îMICA DE AUX√çLIO AO PROJETO / MORPHOLOGICAL ANALYSIS OF TECHNICAL TEXTILE LABELS: TAXONOMIC DEFINITION AND PROPOSITION FOR PROJECT CONTRIBUTION,Autor desconhecido,N/A,Artigo,https://www.educacaografica.inf.br/artigos/analise-morfologica-de-etiquetas-tecnicas-texteis-definicao-e-proposta-taxionomica-de-auxilio-ao-projeto-morphological-analysis-of-technical-textile-labels-taxonomic-definition-and-proposition-for,Educa√ß√£o Gr√°fica,ux,,
e22ef659-4eac-40be-8afb-1129cf87e9bf,24/08/2025 02:37:52,RECURSOS DID√ÅTICOS T√ÅTEIS PARA AUXILIAR A APRENDIZAGEM DE DEFICIENTES VISUAIS,Autor desconhecido,N/A,Artigo,https://www.educacaografica.inf.br/artigos/recursos-didaticos-tateis-para-auxiliar-a-aprendizagem-de-deficientes-visuais,Educa√ß√£o Gr√°fica,ux,,
340da7b0-1342-4d2a-8259-7797a9f50b44,24/08/2025 02:37:52,TEORIA DO FLUXO E ANIMA√á√ÉO INSTRUCIONAL: CONTRIBUI√á√ïES DA TEORIA PARA O DESENVOLVIMENTO DE INSTRU√á√ïES VISUAIS ANIMADAS,Autor desconhecido,N/A,Artigo,https://www.educacaografica.inf.br/artigos/teoria-do-fluxo-e-animacao-instrucional-contribuicoes-da-teoria-para-o-desenvolvimento-de-instrucoes-visuais-animadas,Educa√ß√£o Gr√°fica,ux,,
8f403b45-42cd-4a0a-9625-5bce2c18dd05,24/08/2025 02:37:52,AUTOMATIZA√á√ÉO DO PROCESSO PROJETUAL COM O AUX√çLIO DE SISTEMA CAD INTELIGENTE,Autor desconhecido,N/A,Artigo,https://www.educacaografica.inf.br/artigos/automatizacao-do-processo-projetual-com-o-auxilio-de-sistema-cad-inteligente,Educa√ß√£o Gr√°fica,ux,,
829c6f5d-91a3-447e-b618-ea340ff90bec,24/08/2025 02:37:52,COMPUTA√á√ÉO GR√ÅFICA: AUX√çLIO E EST√çMULO AOS ALUNOS DE ENGENHARIA CARTOGR√ÅFICA,Autor desconhecido,N/A,Artigo,https://www.educacaografica.inf.br/artigos/computacao-grafica-auxilio-e-estimulo-aos-alunos-de-engenharia-cartografica,Educa√ß√£o Gr√°fica,ux,,
412a1fab-2589-4638-9914-8b018547d1d6,24/08/2025 02:37:52,Proposta de um recurso multim√≠dia educativo para auxiliar o desenvolvimento da vis√£o espacial,Autor desconhecido,N/A,Artigo,https://www.educacaografica.inf.br/artigos/proposta-de-um-recurso-multimidia-educativo-para-auxiliar-o-desenvolvimento-da-visao-espacial,Educa√ß√£o Gr√°fica,ux,,
b61d8acc-2a07-433d-bab6-c931a241ad0c,24/08/2025 02:37:52,Las maquetas y los modelos tridimensionales como auxiliares didacticos para la ense√±anza de la topografia y el riego,Autor desconhecido,N/A,Artigo,https://www.educacaografica.inf.br/artigos/las-maquetas-y-los-modelos-tridimensionales-como-auxiliares-didacticos-para-la-ensenanza-de-la-topografia-y-el-riego,Educa√ß√£o Gr√°fica,ux,,
4ec29424-6220-4bb3-aa33-9e440274c8b7,24/08/2025 02:37:52,A DISPOSI√á√ÉO DE INFORMA√á√ïES E TEXTOS LEGAIS NUMA FERRAMENTA DE AUX√çLIO PARA O DESENVOLVIMENTO DE EMBALAGENS DE BEBIDAS E ALIMENTOS PR√â-MEDIDOS,Autor desconhecido,N/A,Artigo,https://www.educacaografica.inf.br/artigos/a-disposicao-de-informacoes-e-textos-legais-numa-ferramenta-de-auxilio-para-o-desenvolvimento-de-embalagens-de-bebidas-e-alimentos-pre-medidos,Educa√ß√£o Gr√°fica,ux,,
5b0c8c51-88ab-4ac4-ad45-579ffdc5d9d0,24/08/2025 02:37:52,APLICA√á√ÉO DE RECURSOS VISUAIS AUXILIARES PARA O ENSINO DE DESENHO T√âCNICO B√ÅSICO NO 3¬∫ GRAU: AN√ÅLISE DE RESULTADOS,Autor desconhecido,N/A,Artigo,https://www.educacaografica.inf.br/artigos/aplicacao-de-recursos-visuais-auxiliares-para-o-ensino-de-desenho-tecnico-basico-no-3%c2%ba-grau-analise-de-resultados,Educa√ß√£o Gr√°fica,ux,,
89769104-d3d2-4953-a4e2-64d011a0bf24,24/08/2025 02:37:52,CONTRIBUI√á√ïES DOS SISTEMAS DE REPRESENTA√á√ÉO PARA O ESTUDO DE PRECEDENTES ARQUITET√îNICOS / CONTRIBUTIONS OF THE REPRESENTATION SYSTEM TO THE STUDY OF ARCHITECTURAL PRECEDENTS,Autor desconhecido,N/A,Artigo,https://www.educacaografica.inf.br/artigos/contribuicoes-dos-sistemas-de-representacao-para-o-estudo-de-precedentes-arquitetonicos-contributions-of-the-representation-system-to-the-study-of-architectural-precedents,Educa√ß√£o Gr√°fica,ux,,
226b5d54-fd30-4ea3-af02-0a7facbb2458,24/08/2025 02:37:52,APRENDENDO COM A IKEA: COMO USAR OS CONCEITOS DIY DOS MANUAIS DE MONTAGEM DE M√ìVEIS EM MATERIAIS GR√ÅFICOS EDUCACIONAIS DE TECNOLOGIAS ASSISTIVAS / LEARNING FROM IKEA: HOW TO USE DIY CONCEPTS FROM FURNITURE ASSEMBLY MANUALS IN EDUCATIONAL GRAPHIC MATERIALS ON ASSISTIVE TECHNOLOGIES,Autor desconhecido,N/A,Artigo,https://www.educacaografica.inf.br/artigos/aprendendo-com-a-ikea-como-usar-os-conceitos-diy-dos-manuais-de-montagem-de-moveis-em-materiais-graficos-educacionais-de-tecnologias-assistivas-learning-from-ikea-how-to-use-diy-concepts-from-furn,Educa√ß√£o Gr√°fica,ux,,
de534302-752d-49d5-bb38-484bac5c5371,24/08/2025 02:37:52,MODELAGEM DIGITAL DE ESP√âCIES VEGETAIS PARA PAISAGISMO FUNCIONAL  DIGITAL / MODELING OF PLANT SPECIES FOR FUNCTIONAL LANDSCAPING,Autor desconhecido,N/A,Artigo,https://www.educacaografica.inf.br/artigos/modelagem-digital-de-especies-vegetais-para-paisagismo-funcional-digital-modeling-of-plant-species-for-functional-landscaping,Educa√ß√£o Gr√°fica,ux,,
d3baa12e-bda1-4aac-87e8-2cc98dc41148,24/08/2025 02:37:52,"A NOSTALGIA COMO NORTEADORA NO DESIGN DE JOGOS DIGITAIS: RETROGAMES, FRANQUIAS E REMAKES / NOSTALGIA AS GUIDELINE IN DIGITAL GAMES DESIGN: RETROGAMES, FRANCHISES AND REMAKES",Autor desconhecido,N/A,Artigo,https://www.educacaografica.inf.br/artigos/a-nostalgia-como-norteadora-no-design-de-jogos-digitais-retrogames-franquias-e-remakes-nostalgia-as-guideline-in-digital-games-design-retrogames-franchises-and-remakes,Educa√ß√£o Gr√°fica,ux,,
8fbaccf8-744d-4fd4-89cb-8d805a70d6a5,24/08/2025 02:37:52,ASSIST√äNCIA T√âCNICA PARA HABITA√á√ÉO DE INTERESSE SOCIAL EM AMBIENTE DIGITAL: PESQUISAS CENTRADAS NOS USU√ÅRIOS / TECHNICAL ASSISTANCE FOR SOCIAL HOUSING IN DIGITAL ENVIRONMENT: USER CENTERED RESEARCHES,Autor desconhecido,N/A,Artigo,https://www.educacaografica.inf.br/artigos/assistencia-tecnica-para-habitacao-de-interesse-social-em-ambiente-digital-pesquisas-centradas-nos-usuarios-technical-assistance-for-social-housing-in-digital-environment-user-centered-researches,Educa√ß√£o Gr√°fica,ux,,
3d25238b-a7ce-4845-a2ad-95abd3bdb415,24/08/2025 02:37:52,PROPOSI√á√ÉO DE UMA FERRAMENTA PROJETUAL DE APOIO √Ä PR√â-IDEA√á√ÉO EM DESIGN: O ‚ÄúGERADOR DE PRODUTOS MALUCOS‚Äù / PROPOSAL OF A PROJECT TOOL FOR SUPPORTING PRE-IDEATION IN DESIGN: THE ‚ÄúCRAZY PRODUCTS GENERATOR‚Äù,Autor desconhecido,N/A,Artigo,https://www.educacaografica.inf.br/artigos/proposicao-de-uma-ferramenta-projetual-de-apoio-a-pre-ideacao-em-design-o-gerador-de-produtos-malucos-proposal-of-a-project-tool-for-supporting-pre-ideation-in-design-the,Educa√ß√£o Gr√°fica,ux,,
6e761755-4d80-4b93-a8e1-8d172e15a220,24/08/2025 02:37:52,OPEN DESIGN: MOBILI√ÅRIO DE ENCAIXES DESENVOLVIDO A PARTIR DE FABRICA√á√ÉO DIGITAL / OPEN DESIGN: FITTING FURNITURING DEVELOPED FROM DIGITAL MANUFACTURING,Autor desconhecido,N/A,Artigo,https://www.educacaografica.inf.br/artigos/open-design-mobiliario-de-encaixes-desenvolvido-a-partir-de-fabricacao-digital-open-design-fitting-furnituring-developed-from-digital-manufacturing,Educa√ß√£o Gr√°fica,ux,,
90ab61ac-b570-44fd-9a6a-b9dd71535b86,24/08/2025 02:37:52,ENSINO H√çBRIDO DE DESENHO √Ä M√ÉO LIVRE USANDO TECNOLOGIAS DIGITAIS / BLENDED TEACHING OF FREEHAND DRAWING USING DIGITAL TECHNOLOGIES,Autor desconhecido,N/A,Artigo,https://www.educacaografica.inf.br/artigos/ensino-hibrido-de-desenho-a-mao-livre-usando-tecnologias-digitais-blended-teaching-of-freehand-drawing-using-digital-technologies,Educa√ß√£o Gr√°fica,ux,,
849a6791-cdd0-40d3-93dd-a7099936b7fd,24/08/2025 02:37:52,A SUSTENTABILIDADE APLICADA √ÄS T√âCNICAS DE DESENVOLVIMENTO ALINHADA AO PROCESSO DE PRODU√á√ÉO DE BIO SEMIJOIAS / SUSTAINABILITY APPLIED TO DEVELOPMENT TECHNIQUES AND ALIGNED TO THE BIO PRODUCTION PROCESS,Autor desconhecido,N/A,Artigo,https://www.educacaografica.inf.br/artigos/a-sustentabilidade-aplicada-as-tecnicas-de-desenvolvimento-alinhada-ao-processo-de-producao-de-bio-semijoias-sustainability-applied-to-development-techniques-and-aligned-to-the-bio-production-proces,Educa√ß√£o Gr√°fica,ux,,
7080a2c7-8485-4676-ad65-55b2ab4a06af,24/08/2025 02:37:52,TRANSTORNO DO ESPECTRO AUTISTA E A INTERFACE DE JOGOS DIGITAIS: UMA REVIS√ÉO SISTEM√ÅTICA  / AUTISM SPECTRUM DISORDER AND DIGITAL GAMES INTERFACES: A SYSTEMATIC REVIEW,Autor desconhecido,N/A,Artigo,https://www.educacaografica.inf.br/artigos/transtorno-do-espectro-autista-e-a-interface-de-jogos-digitais-uma-revisao-sistematica-autism-spectrum-disorder-and-digital-games-interfaces-a-systematic-review,Educa√ß√£o Gr√°fica,ux,,
68507689-b8de-40d0-8f58-c63e3bb5b983,24/08/2025 02:37:52,MOTION COMICS EDUCATIVO DE COMBATE AO AEDES AEGYPTI: UM PROCESSO DE ADAPTA√á√ÉO DA INTERFACE IMPRESSA PARA DIGITAL / AEDES AEGYPTI EDUCATIONAL MOTION COMICS: A PROCESS OF ADAPTATION OF THE PRINTED TO DIGITAL INTERFACE,Autor desconhecido,N/A,Artigo,https://www.educacaografica.inf.br/artigos/motion-comics-educativo-de-combate-ao-aedes-aegypti-um-processo-de-adaptacao-da-interface-impressa-para-digital-aedes-aegypti-educational-motion-comics-a-process-of-adaptation-of-the-printed-to-di,Educa√ß√£o Gr√°fica,ux,,
72680af5-02d4-4c1a-bfe3-a9a7ace3bbf3,24/08/2025 02:37:52,ENSINO DE GEOMETRIA DESCRITIVA ONLINE PARA OS CURSOS DE BELAS ARTES: UMA EXPERI√äNCIA NO SEMESTRE LETIVO SUPLEMENTAR DA UFBA EM 2020 / TEACHING DESCRIPTIVE GEOMETRY ONLINE TO FINE ARTS COURSES: AN EXPERIENCE IN UFBA‚ÄôS SUPPLEMENTARY SEMESTER IN 2020,Autor desconhecido,N/A,Artigo,https://www.educacaografica.inf.br/artigos/ensino-de-geometria-descritiva-online-para-os-cursos-de-belas-artes-uma-experiencia-no-semestre-letivo-suplementar-da-ufba-em-2020-teaching-descriptive-geometry-online-to-fine-arts-courses-an-expe,Educa√ß√£o Gr√°fica,ux,,
5faf330c-f420-45c1-be30-3a9240baa0ae,24/08/2025 02:37:52,ELEMENTOS VISUAIS NO DESIGN DE INTERFACE DE JOGOS DIGITAIS ‚Äì  AN√ÅLISE DA USABILIDADE E JOGABILIDADE PARA CONSOLES PORT√ÅTEIS / VISUAL ELEMENTS IN THE INTERFACE DESIGN OF DIGITAL GAMES ‚Äì USABILITY AND GAMEPLAY ANALYSIS FOR PORTABLE CONSOLES,Autor desconhecido,N/A,Artigo,https://www.educacaografica.inf.br/artigos/elementos-visuais-no-design-de-interface-de-jogos-digitais-analise-da-usabilidade-e-jogabilidade-para-consoles-portateis-visual-elements-in-the-interface-design-of-digital-games-usabili-2,Educa√ß√£o Gr√°fica,ux,,
0e6c36ca-2c9f-4530-892f-29490f77e91d,24/08/2025 02:37:52,EXPERI√äNCIA AMBIENTAL E REALIDADE VIRTUAL: UM ENSAIO EXPLORAT√ìRIO  / ENVIRONMENTAL EXPERIENCE AND VIRTUAL REALITY: AN EXPLORATORY ESSAY,Autor desconhecido,N/A,Artigo,https://www.educacaografica.inf.br/artigos/experiencia-ambiental-e-realidade-virtual-um-ensaio-exploratorio-environmental-experience-and-virtual-reality-an-exploratory-essay,Educa√ß√£o Gr√°fica,ux,,
f2a292cb-c94b-4ed5-9f37-49aab2232009,24/08/2025 02:37:52,AUDIOVISUAL E DESIGN: SISTEMATIZA√á√ÉO DA PR√â-PRODU√á√ÉO DO DEPARTAMENTO DE ARTE / AUDIOVISUAL AND DESIGN: PRE-PRODUCTION SYSTEMATIZATION IN ART DEPARTMENT,Autor desconhecido,N/A,Artigo,https://www.educacaografica.inf.br/artigos/audiovisual-e-design-sistematizacao-da-pre-producao-do-departamento-de-arte-audiovisual-and-design-pre-production-systematization-in-art-department,Educa√ß√£o Gr√°fica,ux,,
6e58f17b-8aeb-42b4-8192-eb0b4e2efcf7,24/08/2025 02:37:52,PROCESSO DE AN√ÅLISE ERGON√îMICA ANTROPOM√âTRCA VIRTUAL UTILIZANDO O MODELO HUMANO DIGITAL HERIP EM ESTA√á√ÉO DE TRABALHO / PROCESS OF ERGONOMIC ANALYSIS VIRTUAL ANTHROPOMETRIC USING THE HUMAN DIGITAL MODEL HERIP IN WORKSTATION,Autor desconhecido,N/A,Artigo,https://www.educacaografica.inf.br/artigos/processo-de-analise-ergonomica-antropometrca-virtual-utilizando-o-modelo-humano-digital-herip-em-estacao-de-trabalho-process-of-ergonomic-analysis-virtual-anthropometric-using-the-human-digital-mode,Educa√ß√£o Gr√°fica,ux,,
7ec4600e-a8e0-48bb-90f6-30bea835b2c9,24/08/2025 02:37:52,DESENVOLVIMENTO DE GUIA DE CORTE CIR√öRGICO CUSTOMIZADO PARA MANDIBULOTOMIA EM CIRURGIA DE CABE√áA E PESCO√áO ATRAV√âS DA MANUFATURA ADITIVA / DEVELOPMENT OF THE PERSONALIZED SURGICAL CUTTING GUIDE FOR MANDIBULOTOMY IN HEAD AND NECK SURGERY THROUGH ADDITIVE MANUFACTURING,Autor desconhecido,N/A,Artigo,https://www.educacaografica.inf.br/artigos/desenvolvimento-de-guia-de-corte-cirurgico-customizado-para-mandibulotomia-em-cirurgia-de-cabeca-e-pescoco-atraves-da-manufatura-aditiva-development-of-the-personalized-surgical-cutting-guide-for-ma-2,Educa√ß√£o Gr√°fica,ux,,
d42aa7f8-31de-456d-bed8-16a7096bc31b,24/08/2025 02:37:52,REPRESENTA√á√ÉO GR√ÅFICA DA GEOMETRIA DA INSOLA√á√ÉO NO PROCESSO PROJETUAL: UMA PROPOSTA DE SISTEMATIZA√á√ÉO / GRAPHIC REPRESENTATION OF SOLAR GEOMETRY IN DESIGN PROCESS: A SYSTEMATIZATION PROPOSAL,Autor desconhecido,N/A,Artigo,https://www.educacaografica.inf.br/artigos/representacao-grafica-da-geometria-da-insolacao-no-processo-projetual-uma-proposta-de-sistematizacao-graphic-representation-of-solar-geometry-in-design-process-a-systematization-proposal,Educa√ß√£o Gr√°fica,ux,,
4bbec61f-ace4-4a1b-b54a-dbb0eb86b533,24/08/2025 02:37:52,DESENVOLVIMENTO DE GUIA DE CORTE CIR√öRGICO CUSTOMIZADO PARA MANDIBULOTOMIA EM CIRURGIA DE CABE√áA E PESCO√áO ATRAV√âS DA MANUFATURA ADITIVA / DEVELOPMENT OF THE PERSONALIZED SURGICAL CUTTING GUIDE FOR MANDIBULOTOMY IN HEAD AND NECK SURGERY THROUGH ADDITIVE MANUFACTURING,Autor desconhecido,N/A,Artigo,https://www.educacaografica.inf.br/artigos/desenvolvimento-de-guia-de-corte-cirurgico-customizado-para-mandibulotomia-em-cirurgia-de-cabeca-e-pescoco-atraves-da-manufatura-aditiva-development-of-the-personalized-surgical-cutting-guide-for-ma,Educa√ß√£o Gr√°fica,ux,,
261c1449-30df-4f41-80da-53f9020697d0,24/08/2025 02:37:52,SEGURAN√áA NO CICLISMO: UMA REVIS√ÉO SISTEM√ÅTICA DE LITERATURA DA PRODU√á√ÉO BRASILEIRA ENTRE 2014 E 2018 / SAFETY IN CYCLING: A SYSTEMATIC REVIEW OF BRAZILIAN PRODUCTION LITERATURE BETWEEN 2014 AND 2018,Autor desconhecido,N/A,Artigo,https://www.educacaografica.inf.br/artigos/seguranca-no-ciclismo-uma-revisao-sistematica-de-literatura-da-producao-brasileira-entre-2014-e-2018-safety-in-cycling-a-systematic-review-of-brazilian-production-literature-between-2014-and-2018,Educa√ß√£o Gr√°fica,ux,,
f419d3df-c6ac-416d-84a6-c7a309b1f151,24/08/2025 02:37:52,GUIA VISUAL PARA A SISTEMATIZA√á√ÉO DE M√âTODOS DE POSICIONAMENTO DE PESSOAS EM CADEIRA DE RODAS / VISUAL GUIDE FOR METHODS SYSTEMATIZATION FOR POSITIONING PEOPLE IN A WHEELCHAIR,Autor desconhecido,N/A,Artigo,https://www.educacaografica.inf.br/artigos/guia-visual-para-a-sistematizacao-de-metodos-de-posicionamento-de-pessoas-em-cadeira-de-rodas-visual-guide-for-methods-systematization-for-positioning-people-in-a-wheelchair,Educa√ß√£o Gr√°fica,ux,,
cf3ba7d6-b1ee-4054-95ff-a657729ec38d,24/08/2025 02:37:52,DESIGN-AIDED SCIENCE: O DESIGNER COMO PROMOTOR DE TECNOLOGIAS 3D PARA INOVA√á√ÉO EM PESQUISA CIENT√çFICA /DESIGN-AIDED SCIENCE: DESIGNER AS A PROMOTER OF 3D TECHNOLOGIES FOR INNOVATION IN SCIENTIFIC RESEARCH,Autor desconhecido,N/A,Artigo,https://www.educacaografica.inf.br/artigos/design-aided-science-o-designer-como-promotor-de-tecnologias-3d-para-inovacao-em-pesquisa-cientifica-design-aided-science-designer-as-a-promoter-of-3d-technologies-for-innovation-in-scientific-rese,Educa√ß√£o Gr√°fica,ux,,
e14ae693-8c2d-420d-8b85-29b3876dfd38,24/08/2025 02:37:52,APLICA√á√ÉO DE REQUISITOS DE INTERFACE PARA FACILITAR A COLABORA√á√ÉO DE USU√ÅRIOS NO MOODLE /¬†USER INTERFACE REQUIREMENTS APPLICATION TO FACILITATE USER COLLABORATION IN MOODLE,Autor desconhecido,N/A,Artigo,https://www.educacaografica.inf.br/artigos/aplicacao-de-requisitos-de-interface-para-facilitar-a-colaboracao-de-usuarios-no-moodle-user-interface-requirements-application-to-facilitate-user-collaboration-in-moodle,Educa√ß√£o Gr√°fica,ux,,
a78e2350-b969-4ec1-96cc-82ebf83d3a8a,24/08/2025 02:37:52,DIRETRIZES PARA O PROJETO DA INTERFACE DE MUSEUS VIRTUAIS DE MODA BASEADAS NA EXPERI√äNCIA DO USU√ÅRIO /¬†GUIDELINES FOR THE INTERFACE DESIGN OF VIRTUAL FASHION MUSEUMS BASED ON THE USERS EXPERIENCE,Autor desconhecido,N/A,Artigo,https://www.educacaografica.inf.br/artigos/diretrizes-para-o-projeto-da-interface-de-museus-virtuais-de-moda-baseadas-na-experiencia-do-usuario-guidelines-for-the-interface-design-of-virtual-fashion-museums-based-on-the-users-experience,Educa√ß√£o Gr√°fica,ux,,
1422cbb3-8b6e-456a-9c92-f8ff67dc2070,24/08/2025 02:37:52,A PERCEP√á√ÉO DO USU√ÅRIO A PARTIR DO USO DE UM MODELO DE GEST√ÉO VISUAL DE PROJETOS: ESTUDOS DE CASO EM CURSOS DE DESIGN / USER PERCEPTION TOWARD THE USE OF VISUAL PROJECT MANAGEMENT MODEL: CASE STUDIES APPLIED IN DESIGN COURSES,Autor desconhecido,N/A,Artigo,https://www.educacaografica.inf.br/artigos/a-percepcao-do-usuario-a-partir-do-uso-de-um-modelo-de-gestao-visual-de-projetos-estudos-de-caso-em-cursos-de-design-user-perception-toward-the-use-of-visual-project-management-model-case-studies,Educa√ß√£o Gr√°fica,ux,,
a0354e3d-b1af-4961-9948-34b4a2079271,24/08/2025 02:37:52,DESIGN PARA A EXPERI√äNCIA NO CONTEXTO DE HIST√ìRIAS EM QUADRINHOS DIGITAIS /  EXPERIENCE DESIGN IN THE CONTEXT OF DIGITAL COMICS,Autor desconhecido,N/A,Artigo,https://www.educacaografica.inf.br/artigos/design-para-a-experiencia-no-contexto-de-historias-em-quadrinhos-digitais-experience-design-in-the-context-of-digital-comics,Educa√ß√£o Gr√°fica,ux,,
4ec89433-d813-423b-b0de-e357b9a4df06,24/08/2025 02:37:52,REDESENHANDO A EXPERI√äNCIA DO GUIA DE PROGRAMA√á√ÉO DA SKY BRASIL / REDESIGNING THE PROGRAMME GUIDE EXPERIENCE OF SKY BRASIL,Autor desconhecido,N/A,Artigo,https://www.educacaografica.inf.br/artigos/redesenhando-a-experiencia-do-guia-de-programacao-da-sky-brasil-redesigning-the-programme-guide-experience-of-sky-brasil,Educa√ß√£o Gr√°fica,ux,,
4fb08635-5d00-4cb0-b276-bd04b7270596,24/08/2025 02:37:52,ORIENTA√á√ïES PARA O DESIGN DE PUBLICA√á√ïES DIGITAIS SISTEM√ÅTICAS / ORIENTATIONS FOR DESIGNING SYSTEMATIC DIGITAL PUBLICATIONS,Autor desconhecido,N/A,Artigo,https://www.educacaografica.inf.br/artigos/orientacoes-para-o-design-de-publicacoes-digitais-sistematicas-orientations-for-designing-systematic-digital-publications,Educa√ß√£o Gr√°fica,ux,,
bd3d7bbb-dc4a-40c1-afdf-89d751042bc1,24/08/2025 02:37:52,"DESIGN, EDUCA√á√ÉO E TECNOLOGIA: AN√ÅLISE DA GERA√á√ÉO DE CONTE√öDO PDF 3D PARA FINS DID√ÅTICOS / DESIGN, EDUCATION AND TECHNOLOGY: ANALYSIS OF PDF 3D CONTENT GENERATION FOR TEATCHING PURPOSES",Autor desconhecido,N/A,Artigo,https://www.educacaografica.inf.br/artigos/design-educacao-e-tecnologia-analise-da-geracao-de-conteudo-pdf-3d-para-fins-didaticos-design-education-and-technology-analysis-of-pdf-3d-content-generation-for-teatching-purposes,Educa√ß√£o Gr√°fica,ux,,
018f18fa-7649-44d3-b700-ce5536e259ba,24/08/2025 02:37:52,TV DIGITAL INTERATIVA: DESENVOLVIMENTO DE UMA APLICA√á√ÉO PARA O ENSINO DE PERSPECTIVA E PONTOS DE FUGA  / INTERACTIVE TV: DEVELOPMENT OF AN APPLICATION FOR THE EDUCATION OF PERSPECTIVE AND VANISHING POINT,Autor desconhecido,N/A,Artigo,https://www.educacaografica.inf.br/artigos/tv-digital-interativa-desenvolvimento-de-uma-aplicacao-para-o-ensino-de-perspectiva-e-pontos-de-fuga-interactive-tv-development-of-an-application-for-the-education-of-perspective-and-vanishing-po,Educa√ß√£o Gr√°fica,ux,,
aa874d7c-5d46-4c05-b3bf-a56a168cab8f,24/08/2025 02:37:52,RECURSOS DIGITAIS E O PROCESSO PROJETUAL PAISAG√çSTICO / DIGITAL RESOURCES AND THE LANDSCAPE DESIGN PROCESS,Autor desconhecido,N/A,Artigo,https://www.educacaografica.inf.br/artigos/recursos-digitais-e-o-processo-projetual-paisagistico-digital-resources-and-the-landscape-design-process,Educa√ß√£o Gr√°fica,ux,,
ecce5491-c6fa-4c87-8ad5-31b0083af2a6,24/08/2025 02:37:52,"MODELAMENTO VIRTUAL, USINAGEM E PROTOTIPAGEM R√ÅPIDA: UMA EXPERI√äNCIA DID√ÅTICO-PEDAG√ìGICA PARA O DESENVOLVIMENTO DE PRODUTOS / VIRTUAL MODELING, PROCESSING AND RAPID PROTOTYPING: AN EDUCATIONAL EXPERIENCE FOR PRODUCTS DEVELOPMENT",Autor desconhecido,N/A,Artigo,https://www.educacaografica.inf.br/artigos/modelamento-virtual-usinagem-e-prototipagem-rapida-uma-experiencia-didatico-pedagogica-para-o-desenvolvimento-de-produtos-virtual-modeling-processing-and-rapid-prototyping-an-educational-experie,Educa√ß√£o Gr√°fica,ux,,
375e0623-fd61-419e-8adf-0f64a8961a92,24/08/2025 02:37:52,O DESENHO DE ARQUITETURA NA ERA DIGITAL: O ATO DE PROJETAR NO SISTEMA BIM  /  THE ARCHITECTURE DESIGN IN THE DIGITAL AGE: THE ACT OF DESIGN SYSTEM BIM,Autor desconhecido,N/A,Artigo,https://www.educacaografica.inf.br/artigos/o-desenho-de-arquitetura-na-era-digital-o-ato-de-projetar-no-sistema-bim-the-architecture-design-in-the-digital-age-the-act-of-design-system-bim,Educa√ß√£o Gr√°fica,ux,,
90b9c9c0-e781-4b90-8399-a736754afe67,24/08/2025 02:37:52,SISTEMA DE DESIGN EM FACHADAS CORPORATIVAS: AN√ÅLISE DE GRANDES MARCAS,Autor desconhecido,N/A,Artigo,https://www.educacaografica.inf.br/artigos/sistema-de-design-em-fachadas-corporativas-analise-de-grandes-marcas,Educa√ß√£o Gr√°fica,ux,,
89504770-03bb-4412-ac3d-6f14edbea930,24/08/2025 02:37:52,A EVOLU√á√ÉO DA INFORMA√á√ÉO GR√ÅFICA NOS PRODUTOS GR√ÅFICOS DE COMUNICA√á√ÉO DA MARCA CULTURAL FESTIVAL DE DAN√áA DE JOINVILLE,Autor desconhecido,N/A,Artigo,https://www.educacaografica.inf.br/artigos/a-evolucao-da-informacao-grafica-nos-produtos-graficos-de-comunicacao-da-marca-cultural-festival-de-danca-de-joinville,Educa√ß√£o Gr√°fica,ux,,
5611692d-8952-4a81-8e51-35f57239d759,24/08/2025 02:37:52,USABILIDADE NA WEB: O USU√ÅRIO COMO AGENTEFACILITADOR NO DESENVOLVIMENTO DE INTERFACES DE HOME PAGES,Autor desconhecido,N/A,Artigo,https://www.educacaografica.inf.br/artigos/usabilidade-na-web-o-usuario-como-agentefacilitador-no-desenvolvimento-de-interfaces-de-home-pages,Educa√ß√£o Gr√°fica,ux,,
c809a5f6-675e-42aa-a2c7-0c7b29388e1f,24/08/2025 02:37:52,"UM M√âTODO COMPARATIVO PARA AVALIAR DIFERENTES MODELOS DE INTERFACES GR√ÅFICAS, EMPREGADAS NO ENSINO DE GEOMETRIA, SEGUNDO OS CONCEITOS DE USABILIDADE",Autor desconhecido,N/A,Artigo,https://www.educacaografica.inf.br/artigos/um-metodo-comparativo-para-avaliar-diferentes-modelos-de-interfaces-graficas-empregadas-no-ensino-de-geometria-segundo-os-conceitos-de-usabilidade,Educa√ß√£o Gr√°fica,ux,,
1ff75061-2fad-40eb-bf3c-76175dcdc40e,24/08/2025 02:37:52,ISOMETRIAS E CONGRU√äNCIAS: RELATO DE EXPERI√äNCIAS USANDO O ‚ÄúVISUAL CLASS‚Äù,Autor desconhecido,N/A,Artigo,https://www.educacaografica.inf.br/artigos/isometrias-e-congruencias-relato-de-experiencias-usando-o-%e2%80%9cvisual-class%e2%80%9d,Educa√ß√£o Gr√°fica,ux,,
d039df36-8b7e-49ca-9ebe-e4089b932005,24/08/2025 02:37:52,ARQUITETURA DE INFORMA√á√ÉO PARA SISTEMAS DISTRIBU√çDOS,Autor desconhecido,N/A,Artigo,https://www.educacaografica.inf.br/artigos/arquitetura-de-informacao-para-sistemas-distribuidos,Educa√ß√£o Gr√°fica,intelig√™ncia artificial,,
64994414-bc30-43bb-a4ed-d9817cf26d99,24/08/2025 02:37:52,"CONVERG√äNCIA METODOL√ìGICA ENTRE DESIGN THINKING, DE INTERA√á√ÉO E INDUSTRIAL: PRINC√çPIOS PROJETUAIS VOLTADOS AO IDOSO JOVEM / METHODOLOGICAL CONVERGENCE BETWEEN DESIGN THINKING, INTERACTION DESIGN AND INDUSTRIAL DESIGN: PROJECTIVE PRINCIPLES ORIENTED TO YOUNG ELDERLY",Autor desconhecido,N/A,Artigo,https://www.educacaografica.inf.br/artigos/convergencia-metodologica-entre-design-thinking-de-interacao-e-industrial-principios-projetuais-voltados-ao-idoso-jovem-methodological-convergence-between-design-thinking-interaction-design-and-i,Educa√ß√£o Gr√°fica,design thinking,,
2a587dcd-d08e-4e57-9b98-148042d5c943,24/08/2025 02:37:52,"APRENDER COM BRILHO NO OLHO: OBJETOS PEDAG√ìGICOS COM DESIGN THINKING, INOVA√á√ÉO E TECNOLOGIA / LEARNING WITH A GLOW IN THE EYE: PEDAGOGICAL OBJECTS WITH DESIGN THINKING, INNOVATION AND TECHNOLOGY",Autor desconhecido,N/A,Artigo,https://www.educacaografica.inf.br/artigos/aprender-com-brilho-no-olho-objetos-pedagogicos-com-design-thinking-inovacao-e-tecnologia-learning-with-a-glow-in-the-eye-pedagogical-objects-with-design-thinking-innovation-and-technology,Educa√ß√£o Gr√°fica,design thinking,,
1720cac5-f34e-42f1-9f7a-c067a2303f40,24/08/2025 02:37:52,O DESIGN THINKING NO PROCESSO CRIATIVO DE DESIGN DE SUPERF√çCIES: POTENCIAIS RELA√á√ïES DE ENSINO COM AMPARO DO EAD/ THE DESIGN THINKING IN CREATIVE SURFACES DESIGN PROCESS: A POTENTIAL TEACHING RELATIONS WITH DISTANCE EDUCATION SUPPORT,Autor desconhecido,N/A,Artigo,https://www.educacaografica.inf.br/artigos/o-design-thinking-no-processo-criativo-de-design-de-superficies-potenciais-relacoes-de-ensino-com-amparo-do-ead-the-design-thinking-in-creative-surfaces-design-process-a-potential-teaching-relation,Educa√ß√£o Gr√°fica,design thinking,,
9c6eff90-9e9f-421c-8b89-f01870620489,24/08/2025 02:37:52,PROPOSTA DE METODOLOGIA PARA O ENSINO E O DESENVOLVIMENTO DE JOGOS DIGITAIS BASEADA EM DESIGN THINKING / A METHODOLOGY PROPOSAL FOR EDUCATION AND DEVELOPMENT OF GAMES BASED ON DESIGN THINKING,Autor desconhecido,N/A,Artigo,https://www.educacaografica.inf.br/artigos/proposta-de-metodologia-para-o-ensino-e-o-desenvolvimento-de-jogos-digitais-baseada-em-design-thinking-a-methodology-proposal-for-education-and-development-of-games-based-on-design-thinking,Educa√ß√£o Gr√°fica,design thinking,,
8318bb22-96a7-4442-9899-f0fdde33f636,24/08/2025 02:37:52,CAMINHANDO NAS LENDAS: USO DO DESIGN THINKING PARA DESENVOLVIMENTO DE JOGO DE TABULEIRO CULTURAL / WALKING ON LEGENDS: USE OF DESIGN THINKING FOR CULTURAL BOARD GAME DEVELOPMENT,Autor desconhecido,N/A,Artigo,https://www.educacaografica.inf.br/artigos/caminhando-nas-lendas-uso-do-design-thinking-para-desenvolvimento-de-jogo-de-tabuleiro-cultural-walking-on-legends-use-of-design-thinking-for-cultural-board-game-development,Educa√ß√£o Gr√°fica,design thinking,,
7fbd517d-3fae-48e5-9634-c3991617a254,24/08/2025 02:37:52,DESIGN DO ANU√ÅRIO DO CEAR√Å 2010-2011: UM ESTUDO DE DESIGN THINKING E GEST√ÉO DE DESIGN EDITORIAL,Autor desconhecido,N/A,Artigo,https://www.educacaografica.inf.br/artigos/design-do-anuario-do-ceara-2010-2011-um-estudo-de-design-thinking-e-gestao-de-design-editorial,Educa√ß√£o Gr√°fica,design thinking,,
148d0252-3ee7-4101-9bb6-647c5729b74b,24/08/2025 02:37:52,O PENSAR H√çBRIDO CONTEMPOR√ÇNEO NO DESIGN E NA FOTOGRAFIA: DI√ÅLOGOS ENTRE O ARTESANAL E O DIGITAL  / THE CONTEMPORARY HYBRID THINKING IN DESIGN AND PHOTOGRAPHY: DIALOGUES BETWEEN HANDCRAFTED AND DIGITAL TECHNIQUES,Autor desconhecido,N/A,Artigo,https://www.educacaografica.inf.br/artigos/o-pensar-hibrido-contemporaneo-no-design-e-na-fotografia-dialogos-entre-o-artesanal-e-o-digital-the-contemporary-hybrid-thinking-in-design-and-photography-dialogues-between-handcrafted-and-digita,Educa√ß√£o Gr√°fica,design thinking,,
b3b69639-3d57-4d69-b83b-a28b55c3d211,24/08/2025 02:37:52,UMA EXPERI√äNCIA DE ENSINO REMOTO DA DISCIPLINA DE DESENHO GEOM√âTRICO PARA OS CURSOS DE DESIGN GR√ÅFICO E INDUSTRIAL (2020-2021) / AN EXPERIENCE IN TEACHING GEOMETRY REMOTELY FOR A GRAPHIC AND INDUSTRIAL DESIGN COURSES (2020-2021),Autor desconhecido,N/A,Artigo,https://www.educacaografica.inf.br/artigos/uma-experiencia-de-ensino-remoto-da-disciplina-de-desenho-geometrico-para-os-cursos-de-design-grafico-e-industrial-2020-2021-an-experience-in-teaching-geometry-remotely-for-a-graphic-and-industria,Educa√ß√£o Gr√°fica,design thinking,,
82fe20f1-8fd0-4088-8fe2-0580c7d1bb6f,24/08/2025 02:37:52,DESIGN DE SUPERF√çCIE: O TECIDO PIQUET PARAMETRIZADO DIGITALMENTE PARA NOVAS APLICA√á√ïES / SURFACE DESIGN: THE PIQUET FABRIC DIGITALLY PARAMETERIZED FOR NEW APPLICATION,Autor desconhecido,N/A,Artigo,https://www.educacaografica.inf.br/artigos/design-de-superficie-o-tecido-piquet-parametrizado-digitalmente-para-novas-aplicacoes-surface-design-the-piquet-fabric-digitally-parameterized-for-new-application,Educa√ß√£o Gr√°fica,design thinking,,
5951f9d9-d5c1-418d-8a70-3bdc8a05cd6c,24/08/2025 02:37:52,"IMAGENS GR√ÅFICAS DIGITAIS EM REMIX: DESIGN, LINGUAGEM E COMUNICA√á√ÉO /¬†DIGITAL GRAPHIC IMAGES IN REMIX: DESIGN, LANGUAGE AND COMMUNICATION",Autor desconhecido,N/A,Artigo,https://www.educacaografica.inf.br/artigos/imagens-graficas-digitais-em-remix-design-linguagem-e-comunicacao-digital-graphic-images-in-remix-design-language-and-communication,Educa√ß√£o Gr√°fica,design thinking,,
5d8ec831-c8df-4e0a-98b3-bf932100555f,24/08/2025 02:37:52,A ERGONOMIA E A INFORMA√á√ÉO VISUAL: PROBLEMAS TIPOGR√ÅFICOS NO DESIGN DE JORNAL,Autor desconhecido,N/A,Artigo,https://www.educacaografica.inf.br/artigos/a-ergonomia-e-a-informacao-visual-problemas-tipograficos-no-design-de-jornal,Educa√ß√£o Gr√°fica,design thinking,,
df0ad3fb-b901-4528-80ec-6a8ed8d47eb9,24/08/2025 02:37:52,INTRODU√á√ÉO DE UMA NOVA TECNOLOGIA NO PROCESSO PROJETUAL ‚Äì REFLEX√ïES SOBRE A POSSIBILIDADE DE INTERA√á√ÉO SISTEMAS ESPECIALISTAS E O DESIGN,Autor desconhecido,N/A,Artigo,https://www.educacaografica.inf.br/artigos/introducao-de-uma-nova-tecnologia-no-processo-projetual-reflexoes-sobre-a-possibilidade-de-interacao-sistemas-especialistas-e-o-design,Educa√ß√£o Gr√°fica,design thinking,,
1ef3a806-7369-40db-bae6-ea1e3c510836,24/08/2025 02:37:52,TECNOLOGIAS DIGITAIS DE REPRESENTA√á√ÉO EM ARQUITETURA E URBANISMO / DIGITAL TECHNOLOGIES OF REPRESENTATION AND ANALYSIS IN  ARCHITECTURE AND URBANISM,Autor desconhecido,N/A,Artigo,https://www.educacaografica.inf.br/artigos/tecnologias-digitais-de-representacao-em-arquitetura-e-urbanismo-digital-technologies-of-representation-and-analysis-in-architecture-and-urbanism,Educa√ß√£o Gr√°fica,design thinking,,
